[{"pk": 11, "model": "contenttypes.contenttype", "fields": {"model": "category", "name": "category", "app_label": "mystudy"}}, {"pk": 5, "model": "contenttypes.contenttype", "fields": {"model": "contenttype", "name": "content type", "app_label": "contenttypes"}}, {"pk": 2, "model": "contenttypes.contenttype", "fields": {"model": "group", "name": "group", "app_label": "auth"}}, {"pk": 19, "model": "contenttypes.contenttype", "fields": {"model": "logentry", "name": "log entry", "app_label": "admin"}}, {"pk": 4, "model": "contenttypes.contenttype", "fields": {"model": "message", "name": "message", "app_label": "auth"}}, {"pk": 1, "model": "contenttypes.contenttype", "fields": {"model": "permission", "name": "permission", "app_label": "auth"}}, {"pk": 15, "model": "contenttypes.contenttype", "fields": {"model": "person", "name": "person", "app_label": "people"}}, {"pk": 10, "model": "contenttypes.contenttype", "fields": {"model": "personalresource", "name": "personal resource", "app_label": "aresource"}}, {"pk": 16, "model": "contenttypes.contenttype", "fields": {"model": "registrationprofile", "name": "registration profile", "app_label": "registration"}}, {"pk": 9, "model": "contenttypes.contenttype", "fields": {"model": "resource", "name": "resource", "app_label": "aresource"}}, {"pk": 8, "model": "contenttypes.contenttype", "fields": {"model": "resourcetype", "name": "resource type", "app_label": "aresource"}}, {"pk": 6, "model": "contenttypes.contenttype", "fields": {"model": "session", "name": "session", "app_label": "sessions"}}, {"pk": 7, "model": "contenttypes.contenttype", "fields": {"model": "site", "name": "site", "app_label": "sites"}}, {"pk": 17, "model": "contenttypes.contenttype", "fields": {"model": "tag", "name": "tag", "app_label": "tagging"}}, {"pk": 18, "model": "contenttypes.contenttype", "fields": {"model": "taggeditem", "name": "tagged item", "app_label": "tagging"}}, {"pk": 12, "model": "contenttypes.contenttype", "fields": {"model": "topic", "name": "topic", "app_label": "mystudy"}}, {"pk": 14, "model": "contenttypes.contenttype", "fields": {"model": "topicresource", "name": "topic resource", "app_label": "mystudy"}}, {"pk": 13, "model": "contenttypes.contenttype", "fields": {"model": "update", "name": "update", "app_label": "mystudy"}}, {"pk": 3, "model": "contenttypes.contenttype", "fields": {"model": "user", "name": "user", "app_label": "auth"}}, {"pk": "e1c2030e6de2c541dbc1af33e7045a91", "model": "sessions.session", "fields": {"expire_date": "2011-09-30 01:31:31", "session_data": "MDQ5Y2Q4ZjU0YmU0ZTg3NTZmYmYzYWNjZTY1OGU2YzQ3OGNjMjQ4YTqAAn1xAShVEl9hdXRoX3Vz\nZXJfYmFja2VuZHECVSlkamFuZ28uY29udHJpYi5hdXRoLmJhY2tlbmRzLk1vZGVsQmFja2VuZHED\nVQ1fYXV0aF91c2VyX2lkcQRLAnUu\n"}}, {"pk": "5bc04c7d56784ea79b953f5700c83344", "model": "sessions.session", "fields": {"expire_date": "2011-09-30 16:22:27", "session_data": "MWExNTAzMDBkMjZjMDZlNWJlYTIxMjBiOTllM2EzYjFiODM4NDViNjqAAn1xAS4=\n"}}, {"pk": "d845b5920176e28a559619b674791eef", "model": "sessions.session", "fields": {"expire_date": "2011-10-14 02:57:59", "session_data": "ZmE4ZGQ5YjYwYTJlNGQzMjBlNWY3MjAxMTcxNmY0YTcwMGU4ODljYjqAAn1xAShVEl9hdXRoX3Vz\nZXJfYmFja2VuZHECVSlkamFuZ28uY29udHJpYi5hdXRoLmJhY2tlbmRzLk1vZGVsQmFja2VuZHED\nVQ1fYXV0aF91c2VyX2lkcQRLBHUu\n"}}, {"pk": 1, "model": "sites.site", "fields": {"domain": "example.com", "name": "example.com"}}, {"pk": 1, "model": "aresource.resourcetype", "fields": {"description": "Question and Answer, Problem and Solution", "numchild": 0, "depth": 1, "path": "0001", "slug": "q-and-a", "name": "Q and A"}}, {"pk": 2, "model": "aresource.resourcetype", "fields": {"description": "Official Documention. From the authors of software to you.", "numchild": 0, "depth": 1, "path": "0002", "slug": "official-docs", "name": "Official Docs"}}, {"pk": 3, "model": "aresource.resourcetype", "fields": {"description": "Forums and other Community type resources", "numchild": 0, "depth": 1, "path": "0003", "slug": "forums", "name": "Forums"}}, {"pk": 4, "model": "aresource.resourcetype", "fields": {"description": "Tutorials, How Tos, and What Whats", "numchild": 0, "depth": 1, "path": "0004", "slug": "tutorials", "name": "Tutorials"}}, {"pk": 5, "model": "aresource.resourcetype", "fields": {"description": "Videos, cartoons, moving pictues, talkies, etc.", "numchild": 0, "depth": 1, "path": "0005", "slug": "videos", "name": "Videos"}}, {"pk": 6, "model": "aresource.resourcetype", "fields": {"description": "Ebooks, paper books, comic books. Whatever book helps.", "numchild": 0, "depth": 1, "path": "0006", "slug": "books", "name": "Books"}}, {"pk": 7, "model": "aresource.resourcetype", "fields": {"description": "Reference charts, cheat sheets, and other helpful resources.", "numchild": 0, "depth": 1, "path": "0007", "slug": "reference", "name": "Reference"}}, {"pk": 8, "model": "aresource.resourcetype", "fields": {"description": "Articles and long form info.", "numchild": 0, "depth": 1, "path": "0008", "slug": "articles", "name": "Articles"}}, {"pk": 9, "model": "aresource.resourcetype", "fields": {"description": "Code samples.", "numchild": 0, "depth": 1, "path": "0009", "slug": "code", "name": "Code"}}, {"pk": 10, "model": "aresource.resourcetype", "fields": {"description": "A CourseSlate Topic, oh so meta.", "numchild": 0, "depth": 1, "path": "000A", "slug": "cst", "name": "CST"}}, {"pk": 1, "model": "aresource.resource", "fields": {"url": "http://news.ycombinator.com/", "updated": "2011-09-15 18:08:05", "added": "2011-09-15 18:02:32", "rtype": null}}, {"pk": 2, "model": "aresource.resource", "fields": {"url": "http://stackoverflow.com/questions/4071396/split-by-comma-and-strip-whitespace-in-python", "updated": "2011-09-15 19:58:33", "added": "2011-09-15 19:58:33", "rtype": null}}, {"pk": 3, "model": "aresource.resource", "fields": {"url": "http://www.daniweb.com/software-development/python/threads/71947", "updated": "2011-09-15 20:04:09", "added": "2011-09-15 20:04:09", "rtype": 3}}, {"pk": 4, "model": "aresource.resource", "fields": {"url": "http://stackoverflow.com/questions/ask", "updated": "2011-09-15 20:42:24", "added": "2011-09-15 20:42:23", "rtype": 7}}, {"pk": 5, "model": "aresource.resource", "fields": {"url": "http://www.webmasterworld.com/forum91/1602.htm", "updated": "2011-09-15 20:43:14", "added": "2011-09-15 20:43:14", "rtype": null}}, {"pk": 6, "model": "aresource.resource", "fields": {"url": "http://careers.stackoverflow.com/jobs/13635/web-developer-funded-early-stage-startup-w-thoughtleadr?a=g6NjWO4", "updated": "2011-09-16 00:02:25", "added": "2011-09-16 00:02:25", "rtype": null}}, {"pk": 7, "model": "aresource.resource", "fields": {"url": "http://stackoverflow.com/questions/4502175/jquery-bug-when-trying-to-insert-partial-elements-before-after", "updated": "2011-09-16 00:38:42", "added": "2011-09-16 00:38:42", "rtype": null}}, {"pk": 8, "model": "aresource.resource", "fields": {"url": "http://api.jquery.com/children/", "updated": "2011-09-16 03:23:29", "added": "2011-09-16 03:23:29", "rtype": 2}}, {"pk": 9, "model": "aresource.resource", "fields": {"url": "http://stackoverflow.com/questions/896166/django-how-to-templatetags-filter-with-multiple-arguments", "updated": "2011-09-16 04:55:24", "added": "2011-09-16 04:55:24", "rtype": 1}}, {"pk": 10, "model": "aresource.resource", "fields": {"url": "http://stackoverflow.com/questions/7448533/basic-antlr-concepts", "updated": "2011-09-16 13:10:10", "added": "2011-09-16 13:10:10", "rtype": null}}, {"pk": 11, "model": "aresource.resource", "fields": {"url": "https://code.djangoproject.com/browser/django/trunk/", "updated": "2011-09-30 02:58:16", "added": "2011-09-30 02:58:16", "rtype": null}}, {"pk": 1, "model": "aresource.personalresource", "fields": {"updated": "2011-09-16 05:14:28", "added": "2011-09-15 18:02:33", "resource": 1, "title": "Sc", "rtype": null, "note": "ssss no", "person": 1, "tag": "html tag-input"}}, {"pk": 2, "model": "aresource.personalresource", "fields": {"updated": "2011-09-15 18:08:05", "added": "2011-09-15 18:08:05", "resource": 1, "title": "HackNews", "rtype": 1, "note": "updates", "person": 1, "tag": "html jquery web-framework"}}, {"pk": 3, "model": "aresource.personalresource", "fields": {"updated": "2011-09-15 19:58:33", "added": "2011-09-15 19:58:33", "resource": 2, "title": "Splitting Strings", "rtype": 1, "note": "splitting string in python", "person": 1, "tag": "python strings"}}, {"pk": 4, "model": "aresource.personalresource", "fields": {"updated": "2011-09-16 05:12:55", "added": "2011-09-15 20:43:14", "resource": 5, "title": "Htt", "rtype": 3, "note": "Oh what fun", "person": 1, "tag": "ux"}}, {"pk": 5, "model": "aresource.personalresource", "fields": {"updated": "2011-09-16 03:48:00", "added": "2011-09-16 00:02:25", "resource": 6, "title": "Hi", "rtype": 1, "note": "The debate, according to officials familiar with the deliberations, centers on whether the United States may take aim at only a handful of high-level leaders of militant groups who are personally linked to plots to attack the United States or whether it may also attack the thousands of low-level foot soldiers focused on parochial concerns: controlling the essentially ungoverned lands near the Gulf of Aden, which separates the countries.\r\n\r\nThe dispute over limits on the use of lethal force in the region \u2014 whether from drone strikes, cruise missiles or commando raids \u2014 has divided the State Department and the Pentagon for months, although to date it remains a merely theoretical disagreement. Current administration policy is to attack only \u201chigh-value individuals\u201d in the region, as it has tried to do about a dozen times.", "person": 1, "tag": "django web-servers"}}, {"pk": 6, "model": "aresource.personalresource", "fields": {"updated": "2011-09-16 00:38:42", "added": "2011-09-16 00:38:42", "resource": 7, "title": "Help", "rtype": 1, "note": "", "person": 1, "tag": "javascript web-servers"}}, {"pk": 7, "model": "aresource.personalresource", "fields": {"updated": "2011-09-16 13:10:11", "added": "2011-09-16 13:10:11", "resource": 10, "title": "Good Info", "rtype": 1, "note": "Some qs for so yo heard", "person": 1, "tag": "django nginx web"}}, {"pk": 8, "model": "aresource.personalresource", "fields": {"updated": "2011-09-30 02:58:16", "added": "2011-09-30 02:58:16", "resource": 11, "title": "", "rtype": null, "note": "", "person": 2, "tag": ""}}, {"pk": 3, "model": "mystudy.category", "fields": {"description": "", "numchild": 0, "depth": 1, "path": "0001", "slug": "commerce", "name": "Commerce"}}, {"pk": 1, "model": "mystudy.category", "fields": {"description": "", "numchild": 0, "depth": 1, "path": "0002", "slug": "development", "name": "Development"}}, {"pk": 2, "model": "mystudy.category", "fields": {"description": "", "numchild": 0, "depth": 1, "path": "0003", "slug": "interface", "name": "Interface"}}, {"pk": 1, "model": "mystudy.topic", "fields": {"category": 1, "status": 1, "description": "So what", "title": "Tags", "created": "2011-09-15 15:46:52", "modified": "2011-09-16 14:01:15", "dmod_count": 0, "person": 1, "tag": "django nginx web-servers", "deadline": null, "last_viewed": "2011-09-16 14:01:15", "slug": "tags"}}, {"pk": 2, "model": "mystudy.topic", "fields": {"category": 2, "status": 0, "description": "hmmm", "title": "Tag Slugs", "created": "2011-09-15 17:54:36", "modified": "2011-09-16 05:07:39", "dmod_count": 0, "person": 1, "tag": "htm-web-server", "deadline": null, "last_viewed": "2011-09-16 05:07:39", "slug": "tag-slugs"}}, {"pk": 3, "model": "mystudy.topic", "fields": {"category": 1, "status": 0, "description": "aaa", "title": "AAA", "created": "2011-09-15 18:03:07", "modified": "2011-09-16 12:37:32", "dmod_count": 0, "person": 1, "tag": "html web-forms", "deadline": null, "last_viewed": "2011-09-16 12:37:32", "slug": "aaa"}}, {"pk": 4, "model": "mystudy.topic", "fields": {"category": 1, "status": 0, "description": "aaa", "title": "Ha", "created": "2011-09-15 18:51:05", "modified": "2011-09-16 03:22:56", "dmod_count": 0, "person": 1, "tag": "css-3 java script web", "deadline": null, "last_viewed": "2011-09-16 03:22:56", "slug": "ha"}}, {"pk": 5, "model": "mystudy.topic", "fields": {"category": 3, "status": 0, "description": "hmm", "title": "Tag", "created": "2011-09-15 18:52:48", "modified": "2011-09-16 03:01:42", "dmod_count": 0, "person": 1, "tag": "help html-servers tags well", "deadline": null, "last_viewed": "2011-09-16 03:01:42", "slug": "tag"}}, {"pk": 6, "model": "mystudy.topic", "fields": {"category": 3, "status": 0, "description": "fixing inputs design sidebar", "title": "Final Stretch", "created": "2011-09-15 19:57:37", "modified": "2011-09-16 12:50:57", "dmod_count": 0, "person": 1, "tag": "html user-interface ux", "deadline": null, "last_viewed": "2011-09-16 12:50:57", "slug": "final-stretch"}}, {"pk": 7, "model": "mystudy.topic", "fields": {"category": 2, "status": 0, "description": "how to do it and the functipns available in python", "title": "String Manipulation", "created": "2011-09-15 20:02:02", "modified": "2011-09-16 14:01:25", "dmod_count": 0, "person": 1, "tag": "ajax python string-manipulation", "deadline": null, "last_viewed": "2011-09-16 14:01:25", "slug": "string-manipulation"}}, {"pk": 8, "model": "mystudy.topic", "fields": {"category": 3, "status": 0, "description": "dyno sites", "title": "Ajaxian Feats", "created": "2011-09-15 20:40:59", "modified": "2011-09-16 14:17:04", "dmod_count": 0, "person": 1, "tag": "ux wbe-servers", "deadline": null, "last_viewed": "2011-09-16 14:17:04", "slug": "ajaxian-feats"}}, {"pk": 9, "model": "mystudy.topic", "fields": {"category": 1, "status": 0, "description": "not making dumb mistakes", "title": "Not being stupid", "created": "2011-09-30 04:55:09", "modified": "2011-09-30 20:27:56", "dmod_count": 0, "person": 2, "tag": "estupido me", "deadline": null, "last_viewed": "2011-09-30 20:27:56", "slug": "not-being-stupid"}}, {"pk": 1, "model": "mystudy.update", "fields": {"comment": "Getting there", "topic": 1, "updated": "2011-09-16 00:13:25", "added": "2011-09-16 00:13:25", "title": "Home Stretch"}}, {"pk": 2, "model": "mystudy.update", "fields": {"comment": "What it do", "topic": 1, "updated": "2011-09-16 01:32:07", "added": "2011-09-16 01:32:07", "title": "Hiya"}}, {"pk": 3, "model": "mystudy.update", "fields": {"comment": "CS is ready for alpha deploy", "topic": 1, "updated": "2011-09-16 03:50:03", "added": "2011-09-16 03:50:03", "title": "Ready For Alpha"}}, {"pk": 4, "model": "mystudy.update", "fields": {"comment": "Need to do some nginx but its late", "topic": 2, "updated": "2011-09-16 05:00:14", "added": "2011-09-16 05:00:14", "title": "Just about"}}, {"pk": 5, "model": "mystudy.update", "fields": {"comment": "time for bed, tomorrow nginx", "topic": 3, "updated": "2011-09-16 05:17:53", "added": "2011-09-16 05:17:53", "title": "Almost"}}, {"pk": 6, "model": "mystudy.update", "fields": {"comment": "Python uses dynamic typing and a combination of reference counting and a cycle-detecting garbage collector for memory management. An important feature of Python is dynamic name resolution (late binding), which binds method and variable names during program execution.", "topic": 7, "updated": "2011-09-16 12:35:03", "added": "2011-09-16 12:35:03", "title": "Using Methods"}}, {"pk": 7, "model": "mystudy.update", "fields": {"comment": "\"\" is the same as '', double quotes can be used to quote strings that contain single quotes and vice  versa.", "topic": 7, "updated": "2011-09-16 12:36:08", "added": "2011-09-16 12:36:08", "title": "double and single quotes the same"}}, {"pk": 8, "model": "mystudy.update", "fields": {"comment": "for web serving!", "topic": 8, "updated": "2011-09-16 13:02:37", "added": "2011-09-16 13:02:37", "title": "Start Doing some nginx"}}, {"pk": 1, "model": "mystudy.topicresource", "fields": {"topic": 7, "updated": "2011-09-15 20:04:09", "added": "2011-09-15 20:04:09", "resource": 3, "rtype": 3, "title": "Simepl replace function", "note": "the syntax is string.replace('target'.'replacestring')"}}, {"pk": 2, "model": "mystudy.topicresource", "fields": {"topic": 8, "updated": "2011-09-16 03:03:05", "added": "2011-09-15 20:42:24", "resource": 4, "rtype": 7, "title": "Some stuff", "note": "So fucking cool is jquery"}}, {"pk": 3, "model": "mystudy.topicresource", "fields": {"topic": 3, "updated": "2011-09-16 03:25:01", "added": "2011-09-16 03:23:29", "resource": 8, "rtype": 2, "title": "Final Fix", "note": "Hmmmmm yesss"}}, {"pk": 4, "model": "mystudy.topicresource", "fields": {"topic": 1, "updated": "2011-09-16 03:52:08", "added": "2011-09-16 03:52:08", "resource": 8, "rtype": 2, "title": "jquery children selectors", "note": "jquery example of the children selector function, it is chainable"}}, {"pk": 5, "model": "mystudy.topicresource", "fields": {"topic": 2, "updated": "2011-09-16 04:56:43", "added": "2011-09-16 04:55:24", "resource": 9, "rtype": 1, "title": "Oh yeah", "note": ""}}, {"pk": 1, "model": "people.person", "fields": {"website": "", "bio": "", "primary_topic": 7, "user": 2, "location": ""}}, {"pk": 2, "model": "people.person", "fields": {"website": "", "bio": "", "primary_topic": null, "user": 4, "location": ""}}, {"pk": 1, "model": "registration.registrationprofile", "fields": {"activation_key": "ALREADY_ACTIVATED", "user": 2}}, {"pk": 2, "model": "registration.registrationprofile", "fields": {"activation_key": "77f8efa239b2af133ad42adba493a9ec00657a8b", "user": 3}}, {"pk": 3, "model": "registration.registrationprofile", "fields": {"activation_key": "ALREADY_ACTIVATED", "user": 4}}, {"pk": 21, "model": "tagging.tag", "fields": {"name": "ajax"}}, {"pk": 10, "model": "tagging.tag", "fields": {"name": "css-3"}}, {"pk": 26, "model": "tagging.tag", "fields": {"name": "django"}}, {"pk": 28, "model": "tagging.tag", "fields": {"name": "estupido"}}, {"pk": 14, "model": "tagging.tag", "fields": {"name": "help"}}, {"pk": 2, "model": "tagging.tag", "fields": {"name": "htm-web-server"}}, {"pk": 3, "model": "tagging.tag", "fields": {"name": "html"}}, {"pk": 15, "model": "tagging.tag", "fields": {"name": "html-servers"}}, {"pk": 11, "model": "tagging.tag", "fields": {"name": "java"}}, {"pk": 24, "model": "tagging.tag", "fields": {"name": "javascript"}}, {"pk": 6, "model": "tagging.tag", "fields": {"name": "jquery"}}, {"pk": 29, "model": "tagging.tag", "fields": {"name": "me"}}, {"pk": 27, "model": "tagging.tag", "fields": {"name": "nginx"}}, {"pk": 19, "model": "tagging.tag", "fields": {"name": "python"}}, {"pk": 8, "model": "tagging.tag", "fields": {"name": "rest-ful-web-access"}}, {"pk": 12, "model": "tagging.tag", "fields": {"name": "script"}}, {"pk": 22, "model": "tagging.tag", "fields": {"name": "string-manipulation"}}, {"pk": 20, "model": "tagging.tag", "fields": {"name": "strings"}}, {"pk": 4, "model": "tagging.tag", "fields": {"name": "tag-input"}}, {"pk": 16, "model": "tagging.tag", "fields": {"name": "tags"}}, {"pk": 17, "model": "tagging.tag", "fields": {"name": "user-interface"}}, {"pk": 18, "model": "tagging.tag", "fields": {"name": "ux"}}, {"pk": 23, "model": "tagging.tag", "fields": {"name": "wbe-servers"}}, {"pk": 13, "model": "tagging.tag", "fields": {"name": "web"}}, {"pk": 5, "model": "tagging.tag", "fields": {"name": "web-forms"}}, {"pk": 7, "model": "tagging.tag", "fields": {"name": "web-framework"}}, {"pk": 25, "model": "tagging.tag", "fields": {"name": "web-servers"}}, {"pk": 1, "model": "tagging.tag", "fields": {"name": "web-servers-nginx-django"}}, {"pk": 9, "model": "tagging.tag", "fields": {"name": "well"}}, {"pk": 2, "model": "tagging.taggeditem", "fields": {"tag": 2, "object_id": 2, "content_type": 12}}, {"pk": 3, "model": "tagging.taggeditem", "fields": {"tag": 3, "object_id": 1, "content_type": 10}}, {"pk": 4, "model": "tagging.taggeditem", "fields": {"tag": 4, "object_id": 1, "content_type": 10}}, {"pk": 5, "model": "tagging.taggeditem", "fields": {"tag": 3, "object_id": 3, "content_type": 12}}, {"pk": 6, "model": "tagging.taggeditem", "fields": {"tag": 5, "object_id": 3, "content_type": 12}}, {"pk": 7, "model": "tagging.taggeditem", "fields": {"tag": 3, "object_id": 2, "content_type": 10}}, {"pk": 8, "model": "tagging.taggeditem", "fields": {"tag": 6, "object_id": 2, "content_type": 10}}, {"pk": 9, "model": "tagging.taggeditem", "fields": {"tag": 7, "object_id": 2, "content_type": 10}}, {"pk": 10, "model": "tagging.taggeditem", "fields": {"tag": 10, "object_id": 4, "content_type": 12}}, {"pk": 11, "model": "tagging.taggeditem", "fields": {"tag": 11, "object_id": 4, "content_type": 12}}, {"pk": 12, "model": "tagging.taggeditem", "fields": {"tag": 12, "object_id": 4, "content_type": 12}}, {"pk": 13, "model": "tagging.taggeditem", "fields": {"tag": 13, "object_id": 4, "content_type": 12}}, {"pk": 14, "model": "tagging.taggeditem", "fields": {"tag": 14, "object_id": 5, "content_type": 12}}, {"pk": 15, "model": "tagging.taggeditem", "fields": {"tag": 15, "object_id": 5, "content_type": 12}}, {"pk": 16, "model": "tagging.taggeditem", "fields": {"tag": 16, "object_id": 5, "content_type": 12}}, {"pk": 17, "model": "tagging.taggeditem", "fields": {"tag": 9, "object_id": 5, "content_type": 12}}, {"pk": 18, "model": "tagging.taggeditem", "fields": {"tag": 3, "object_id": 6, "content_type": 12}}, {"pk": 19, "model": "tagging.taggeditem", "fields": {"tag": 17, "object_id": 6, "content_type": 12}}, {"pk": 20, "model": "tagging.taggeditem", "fields": {"tag": 18, "object_id": 6, "content_type": 12}}, {"pk": 21, "model": "tagging.taggeditem", "fields": {"tag": 19, "object_id": 3, "content_type": 10}}, {"pk": 22, "model": "tagging.taggeditem", "fields": {"tag": 20, "object_id": 3, "content_type": 10}}, {"pk": 23, "model": "tagging.taggeditem", "fields": {"tag": 21, "object_id": 7, "content_type": 12}}, {"pk": 24, "model": "tagging.taggeditem", "fields": {"tag": 19, "object_id": 7, "content_type": 12}}, {"pk": 25, "model": "tagging.taggeditem", "fields": {"tag": 22, "object_id": 7, "content_type": 12}}, {"pk": 26, "model": "tagging.taggeditem", "fields": {"tag": 18, "object_id": 8, "content_type": 12}}, {"pk": 27, "model": "tagging.taggeditem", "fields": {"tag": 23, "object_id": 8, "content_type": 12}}, {"pk": 28, "model": "tagging.taggeditem", "fields": {"tag": 18, "object_id": 4, "content_type": 10}}, {"pk": 29, "model": "tagging.taggeditem", "fields": {"tag": 24, "object_id": 6, "content_type": 10}}, {"pk": 30, "model": "tagging.taggeditem", "fields": {"tag": 25, "object_id": 6, "content_type": 10}}, {"pk": 31, "model": "tagging.taggeditem", "fields": {"tag": 26, "object_id": 1, "content_type": 12}}, {"pk": 32, "model": "tagging.taggeditem", "fields": {"tag": 27, "object_id": 1, "content_type": 12}}, {"pk": 33, "model": "tagging.taggeditem", "fields": {"tag": 25, "object_id": 1, "content_type": 12}}, {"pk": 34, "model": "tagging.taggeditem", "fields": {"tag": 26, "object_id": 5, "content_type": 10}}, {"pk": 35, "model": "tagging.taggeditem", "fields": {"tag": 25, "object_id": 5, "content_type": 10}}, {"pk": 36, "model": "tagging.taggeditem", "fields": {"tag": 26, "object_id": 7, "content_type": 10}}, {"pk": 37, "model": "tagging.taggeditem", "fields": {"tag": 27, "object_id": 7, "content_type": 10}}, {"pk": 38, "model": "tagging.taggeditem", "fields": {"tag": 13, "object_id": 7, "content_type": 10}}, {"pk": 39, "model": "tagging.taggeditem", "fields": {"tag": 28, "object_id": 9, "content_type": 12}}, {"pk": 40, "model": "tagging.taggeditem", "fields": {"tag": 29, "object_id": 9, "content_type": 12}}, {"pk": 55, "model": "auth.permission", "fields": {"codename": "add_logentry", "name": "Can add log entry", "content_type": 19}}, {"pk": 56, "model": "auth.permission", "fields": {"codename": "change_logentry", "name": "Can change log entry", "content_type": 19}}, {"pk": 57, "model": "auth.permission", "fields": {"codename": "delete_logentry", "name": "Can delete log entry", "content_type": 19}}, {"pk": 28, "model": "auth.permission", "fields": {"codename": "add_personalresource", "name": "Can add personal resource", "content_type": 10}}, {"pk": 29, "model": "auth.permission", "fields": {"codename": "change_personalresource", "name": "Can change personal resource", "content_type": 10}}, {"pk": 30, "model": "auth.permission", "fields": {"codename": "delete_personalresource", "name": "Can delete personal resource", "content_type": 10}}, {"pk": 25, "model": "auth.permission", "fields": {"codename": "add_resource", "name": "Can add resource", "content_type": 9}}, {"pk": 26, "model": "auth.permission", "fields": {"codename": "change_resource", "name": "Can change resource", "content_type": 9}}, {"pk": 27, "model": "auth.permission", "fields": {"codename": "delete_resource", "name": "Can delete resource", "content_type": 9}}, {"pk": 22, "model": "auth.permission", "fields": {"codename": "add_resourcetype", "name": "Can add resource type", "content_type": 8}}, {"pk": 23, "model": "auth.permission", "fields": {"codename": "change_resourcetype", "name": "Can change resource type", "content_type": 8}}, {"pk": 24, "model": "auth.permission", "fields": {"codename": "delete_resourcetype", "name": "Can delete resource type", "content_type": 8}}, {"pk": 4, "model": "auth.permission", "fields": {"codename": "add_group", "name": "Can add group", "content_type": 2}}, {"pk": 5, "model": "auth.permission", "fields": {"codename": "change_group", "name": "Can change group", "content_type": 2}}, {"pk": 6, "model": "auth.permission", "fields": {"codename": "delete_group", "name": "Can delete group", "content_type": 2}}, {"pk": 10, "model": "auth.permission", "fields": {"codename": "add_message", "name": "Can add message", "content_type": 4}}, {"pk": 11, "model": "auth.permission", "fields": {"codename": "change_message", "name": "Can change message", "content_type": 4}}, {"pk": 12, "model": "auth.permission", "fields": {"codename": "delete_message", "name": "Can delete message", "content_type": 4}}, {"pk": 1, "model": "auth.permission", "fields": {"codename": "add_permission", "name": "Can add permission", "content_type": 1}}, {"pk": 2, "model": "auth.permission", "fields": {"codename": "change_permission", "name": "Can change permission", "content_type": 1}}, {"pk": 3, "model": "auth.permission", "fields": {"codename": "delete_permission", "name": "Can delete permission", "content_type": 1}}, {"pk": 7, "model": "auth.permission", "fields": {"codename": "add_user", "name": "Can add user", "content_type": 3}}, {"pk": 8, "model": "auth.permission", "fields": {"codename": "change_user", "name": "Can change user", "content_type": 3}}, {"pk": 9, "model": "auth.permission", "fields": {"codename": "delete_user", "name": "Can delete user", "content_type": 3}}, {"pk": 13, "model": "auth.permission", "fields": {"codename": "add_contenttype", "name": "Can add content type", "content_type": 5}}, {"pk": 14, "model": "auth.permission", "fields": {"codename": "change_contenttype", "name": "Can change content type", "content_type": 5}}, {"pk": 15, "model": "auth.permission", "fields": {"codename": "delete_contenttype", "name": "Can delete content type", "content_type": 5}}, {"pk": 31, "model": "auth.permission", "fields": {"codename": "add_category", "name": "Can add category", "content_type": 11}}, {"pk": 32, "model": "auth.permission", "fields": {"codename": "change_category", "name": "Can change category", "content_type": 11}}, {"pk": 33, "model": "auth.permission", "fields": {"codename": "delete_category", "name": "Can delete category", "content_type": 11}}, {"pk": 34, "model": "auth.permission", "fields": {"codename": "add_topic", "name": "Can add topic", "content_type": 12}}, {"pk": 35, "model": "auth.permission", "fields": {"codename": "change_topic", "name": "Can change topic", "content_type": 12}}, {"pk": 36, "model": "auth.permission", "fields": {"codename": "delete_topic", "name": "Can delete topic", "content_type": 12}}, {"pk": 40, "model": "auth.permission", "fields": {"codename": "add_topicresource", "name": "Can add topic resource", "content_type": 14}}, {"pk": 41, "model": "auth.permission", "fields": {"codename": "change_topicresource", "name": "Can change topic resource", "content_type": 14}}, {"pk": 42, "model": "auth.permission", "fields": {"codename": "delete_topicresource", "name": "Can delete topic resource", "content_type": 14}}, {"pk": 37, "model": "auth.permission", "fields": {"codename": "add_update", "name": "Can add update", "content_type": 13}}, {"pk": 38, "model": "auth.permission", "fields": {"codename": "change_update", "name": "Can change update", "content_type": 13}}, {"pk": 39, "model": "auth.permission", "fields": {"codename": "delete_update", "name": "Can delete update", "content_type": 13}}, {"pk": 43, "model": "auth.permission", "fields": {"codename": "add_person", "name": "Can add person", "content_type": 15}}, {"pk": 44, "model": "auth.permission", "fields": {"codename": "change_person", "name": "Can change person", "content_type": 15}}, {"pk": 45, "model": "auth.permission", "fields": {"codename": "delete_person", "name": "Can delete person", "content_type": 15}}, {"pk": 46, "model": "auth.permission", "fields": {"codename": "add_registrationprofile", "name": "Can add registration profile", "content_type": 16}}, {"pk": 47, "model": "auth.permission", "fields": {"codename": "change_registrationprofile", "name": "Can change registration profile", "content_type": 16}}, {"pk": 48, "model": "auth.permission", "fields": {"codename": "delete_registrationprofile", "name": "Can delete registration profile", "content_type": 16}}, {"pk": 16, "model": "auth.permission", "fields": {"codename": "add_session", "name": "Can add session", "content_type": 6}}, {"pk": 17, "model": "auth.permission", "fields": {"codename": "change_session", "name": "Can change session", "content_type": 6}}, {"pk": 18, "model": "auth.permission", "fields": {"codename": "delete_session", "name": "Can delete session", "content_type": 6}}, {"pk": 19, "model": "auth.permission", "fields": {"codename": "add_site", "name": "Can add site", "content_type": 7}}, {"pk": 20, "model": "auth.permission", "fields": {"codename": "change_site", "name": "Can change site", "content_type": 7}}, {"pk": 21, "model": "auth.permission", "fields": {"codename": "delete_site", "name": "Can delete site", "content_type": 7}}, {"pk": 49, "model": "auth.permission", "fields": {"codename": "add_tag", "name": "Can add tag", "content_type": 17}}, {"pk": 50, "model": "auth.permission", "fields": {"codename": "change_tag", "name": "Can change tag", "content_type": 17}}, {"pk": 51, "model": "auth.permission", "fields": {"codename": "delete_tag", "name": "Can delete tag", "content_type": 17}}, {"pk": 52, "model": "auth.permission", "fields": {"codename": "add_taggeditem", "name": "Can add tagged item", "content_type": 18}}, {"pk": 53, "model": "auth.permission", "fields": {"codename": "change_taggeditem", "name": "Can change tagged item", "content_type": 18}}, {"pk": 54, "model": "auth.permission", "fields": {"codename": "delete_taggeditem", "name": "Can delete tagged item", "content_type": 18}}, {"pk": 1, "model": "auth.user", "fields": {"username": "steve", "first_name": "", "last_name": "", "is_active": true, "is_superuser": true, "is_staff": true, "last_login": "2011-09-15 15:33:04", "groups": [], "user_permissions": [], "password": "sha1$39b76$7165fae16f4d1d3e759b7d35042674dcbd69dc52", "email": "sss@www.co", "date_joined": "2011-09-15 15:33:04"}}, {"pk": 2, "model": "auth.user", "fields": {"username": "Tom", "first_name": "", "last_name": "", "is_active": true, "is_superuser": false, "is_staff": false, "last_login": "2011-09-16 12:37:14", "groups": [], "user_permissions": [], "password": "sha1$07b1a$7bb6fe433d9572e3b98bee6025b3bd4dd58a9bd9", "email": "steven.ciraolo@gmail.com", "date_joined": "2011-09-15 15:34:24"}}, {"pk": 3, "model": "auth.user", "fields": {"username": "Tommy", "first_name": "", "last_name": "", "is_active": false, "is_superuser": false, "is_staff": false, "last_login": "2011-09-15 15:38:38", "groups": [], "user_permissions": [], "password": "sha1$1111e$d1235a26667d62590ec4fcf8cb4f2c93436d3fe7", "email": "steven.ciraolo+1@gmail.com", "date_joined": "2011-09-15 15:38:38"}}, {"pk": 4, "model": "auth.user", "fields": {"username": "lsteve", "first_name": "", "last_name": "", "is_active": true, "is_superuser": false, "is_staff": false, "last_login": "2011-09-30 02:57:59", "groups": [], "user_permissions": [], "password": "sha1$34f4c$b7e5535b56985e0385902644ca5559b743742430", "email": "steven.ciraolo+t2@gmail.com", "date_joined": "2011-09-29 13:01:45"}}]